{
  "type": "GROUP",
"name": "Global Information",
"path": "",
"pathFormatted": "group_missing-name-b06d1",
"stats": {
    "name": "Global Information",
    "numberOfRequests": {
        "total": 713,
        "ok": 30,
        "ko": 683
    },
    "minResponseTime": {
        "total": 150,
        "ok": 160,
        "ko": 150
    },
    "maxResponseTime": {
        "total": 2570,
        "ok": 946,
        "ko": 2570
    },
    "meanResponseTime": {
        "total": 180,
        "ok": 214,
        "ko": 178
    },
    "standardDeviation": {
        "total": 104,
        "ok": 144,
        "ko": 101
    },
    "percentiles1": {
        "total": 168,
        "ok": 175,
        "ko": 168
    },
    "percentiles2": {
        "total": 178,
        "ok": 186,
        "ko": 178
    },
    "percentiles3": {
        "total": 222,
        "ok": 362,
        "ko": 220
    },
    "percentiles4": {
        "total": 332,
        "ok": 787,
        "ko": 327
    },
    "group1": {
    "name": "t < 800 ms",
    "count": 29,
    "percentage": 4
},
    "group2": {
    "name": "800 ms < t < 1200 ms",
    "count": 1,
    "percentage": 0
},
    "group3": {
    "name": "t > 1200 ms",
    "count": 0,
    "percentage": 0
},
    "group4": {
    "name": "failed",
    "count": 683,
    "percentage": 96
},
    "meanNumberOfRequestsPerSecond": {
        "total": 23.766666666666666,
        "ok": 1.0,
        "ko": 22.766666666666666
    }
},
"contents": {
"req_01---consulta-a-f82bb": {
        "type": "REQUEST",
        "name": "01 - Consulta API",
"path": "01 - Consulta API",
"pathFormatted": "req_01---consulta-a-f82bb",
"stats": {
    "name": "01 - Consulta API",
    "numberOfRequests": {
        "total": 713,
        "ok": 30,
        "ko": 683
    },
    "minResponseTime": {
        "total": 150,
        "ok": 160,
        "ko": 150
    },
    "maxResponseTime": {
        "total": 2570,
        "ok": 946,
        "ko": 2570
    },
    "meanResponseTime": {
        "total": 180,
        "ok": 214,
        "ko": 178
    },
    "standardDeviation": {
        "total": 104,
        "ok": 144,
        "ko": 101
    },
    "percentiles1": {
        "total": 168,
        "ok": 175,
        "ko": 168
    },
    "percentiles2": {
        "total": 178,
        "ok": 186,
        "ko": 178
    },
    "percentiles3": {
        "total": 222,
        "ok": 362,
        "ko": 220
    },
    "percentiles4": {
        "total": 332,
        "ok": 787,
        "ko": 327
    },
    "group1": {
    "name": "t < 800 ms",
    "count": 29,
    "percentage": 4
},
    "group2": {
    "name": "800 ms < t < 1200 ms",
    "count": 1,
    "percentage": 0
},
    "group3": {
    "name": "t > 1200 ms",
    "count": 0,
    "percentage": 0
},
    "group4": {
    "name": "failed",
    "count": 683,
    "percentage": 96
},
    "meanNumberOfRequestsPerSecond": {
        "total": 23.766666666666666,
        "ok": 1.0,
        "ko": 22.766666666666666
    }
}
    }
}

}